,tweets
0,@johnpavlovitz #Police become agitated by anyone recording their interactions. #StopResisting is a cover tactic all… https://t.co/ffCAKdSPE5
1,"An #InternalAffairs Sgt, William Kelly, donated to #KyleRittenhouse, saying that he did nothing wrong and thanking… https://t.co/wPiuDjiBui"
2,"DC Police Serious Use of Force video posted 2021-04-16: https://t.co/PvbF50DlMk

#policeviolence #policeshooting… https://t.co/dvmOkROMsX"
3,"Catch our latest episode of The Advocast for Human Rights! In this episode, we recap the last two weeks of the Chau… https://t.co/B0clB1ucdk"
4,Being #Black &amp; Male increases the lifetime #risk of being killed by #police compared to all groups.  (Frank Edwards… https://t.co/gg3yFc3JUv
5,"Man involved in controversial K9 arrest sues City of Spokane, officers
🤪He said he had a gun. Then complains why he… https://t.co/hjVqccf8LA"
6,"Is #police officer testimony against other officers in use of force cases a sign that change is possible, or just t… https://t.co/bNzCQGghUx"
7,Just comply they said and you will be fine they said. He was 13 years old.  #AdamToledo #ComplyYouWontDie… https://t.co/Iexoo3jb37
8,"@CNN 🤦🏽‍♀️ #Minnesota #Police don’t understand this would have been a justified use of deadly force...?? Yet, #POC… https://t.co/v5j2vOL9Wc"
9,#Arizona lawmakers vote to collect #police use-of-force data - Apr 15 @ 6:53 PM ET https://t.co/tRwpVBXW9U
10,"#Florida #House moves on use of force training for #police, #prison guards - Apr 15 @ 1:50 PM ET https://t.co/Sj1K1AyOO1"
11,"Stop killing unarmed people - Stop excessive use of force.

When is the cop culture going to ever learn?… https://t.co/HfH2TTM3vH"
12,The fact that people want the State to use full Brutal force against TLP and if Govt use force and few of the prote… https://t.co/yFKg9WQGol
13,"If deadly force was justified in the @CapitolPolice   shooting &amp; killing of Unarmed Ashli Babbitt, whose arms were… https://t.co/0hKGY91oku"
14,I will never forget what the #police have done to our sacred country. I am sickened by the excessive use of force a… https://t.co/cW0klzTWZJ
15,"The ""defense expert"" for use of force in the #DerekChauvinTrial only proved why The public are demanding the… https://t.co/gKr8j636zY"
16,"On Tuesday, Chauvin's lawyer called upon Barry Brodd, a former officer and use-of-force #expert who said Chauvin wa… https://t.co/afO0X6wejY"
17,[2021-04-14 12:00] BBC Top Headline (3 of 3): Use of force on George Floyd 'justified'. An expert called by the def… https://t.co/hoYnJMjqpI
18,1/ As a former #police / #lawenforcement insider (but not in the #US) I can say unequivocally that the #US use of f… https://t.co/NDnOBkQd3P
19,#Sacramento Hires Inspector General To #Investigate #Police Use-Of-Force Incidents - Apr 14 @ 4:33 AM ET [video ons… https://t.co/2TJgHP7ZbL
20,@nytimes What you should ask #NYTimes is this question—How could someone not obey the order of a #policewoman so sh… https://t.co/Hy8XMdpOVs
21,Why do #police need special rights? As agents of the state given the already special dispensation to use lethal for… https://t.co/a1Gdtwqvnv
22,"Sheskey, who is white, will not be disciplined for his use of force and is now back on the job after returning from… https://t.co/Wu0xFJhmkd"
23,@HLNTV the Use Of Force Expert is old school and the reason so many have died at the hands of #police this is just awful
24,"If you haven’t taken a violent suspect into custody, please understand that you lack the life experience necessary… https://t.co/iABiLuZcfW"
25,"#Maryland enacted historic #police accountability measures Saturday, becoming the 1st  state to repeal its Law Enfo… https://t.co/uFCBSHkXrv"
26,Will it ever stop? 1. Police Chief announces shooting that killed Daunte #Wright not intentional before investigati… https://t.co/Dmgt9kOVzM
27,"What part of don't shoot first do #Police not understand?  

He had outstanding warrants not for capital crimes.… https://t.co/IH4eKz0EN1"
28,"In ep 2 later this week, our special guest is @NilsMelzer, UN Special Rapporteur on Torture and internationally kno… https://t.co/v3VTlXR3hy"
29,Places that hosted #BlackLivesMatter protests from 2014 to 2019 experienced a decrease in lethal use of force by… https://t.co/6sxDifHHwU
30,"11. ... @CalgaryPolice file:///C:/Users/Tom/Downloads/independent-use-of-force-review---report%20(1).pdf  
#police… https://t.co/Rla8ReGZKJ"
31,Do #police take classes on #sensitivity and proportionate use of force before graduating from the academy in the… https://t.co/eH1QbRtyYY
32,"@ToddBrunson I support good cops.

Excessive use of force by bad police is the reason they are getting treated this way.

#Police"
33,"@JulianCastro 3/3
“the legislation impose one of the strictest police use-of-force standards in the nation, accordi… https://t.co/LKgiakX4Tl"
34,"Glens Falls #police discipline records show vehicle crashes, use of force incidents - Apr 10 @ 6:06 PM ET https://t.co/ef89n3124d"
35,"Use of force against George Floyd was not justified, says Minneapolis police chief @TheCanaryUK… https://t.co/8ulME29RlO"
36,In what universe is this legitimate use of lethal force ?😲#police https://t.co/pzrudZCs5X
37,"This was never about a license plate. This is textbook #racism and utterly unnecessary use of force. 
#Police… https://t.co/T7r42nbQiX"
